Listing ID,Listing Title,Nightly Price,Listing URL
71989971,Modern Wrigley Oasis with Parking!,$95,https://www.vrbo.com/2511291?chkin=2024-03-03&chkout=2024-03-05&d1=2024-03-03&d2=2024-03-05&startDate=2024-03-03&endDate=2024-03-05&x_pwa=1&rfrr=HSR&pwa_ts=1709284268790&referrerUrl=aHR0cHM6Ly93d3cudnJiby5jb20vSG90ZWwtU2VhcmNo&useRewards=true&adults=2&destination=73+W+Monroe+St%2C+Chicago%2C+IL+60603%2C+USA&destType=ADDRESS&neighborhoodId=178166&latLong=41.8804017%2C-87.63020379999999&privacyTrackingState=CAN_TRACK&searchId=d1342ebe-2e4c-4c8d-8838-a3967204a6f2&sort=RECOMMENDED&top_dp=95&top_cur=USD&userIntent=&selectedRoomType=71989971&selectedRatePlan=00041ed9245f70cc425f877ad42aab11c468&expediaPropertyId=71989971
78127193,Stunning 3 BR in prime Chicago location,$149,https://www.vrbo.com/2790787?chkin=2024-03-03&chkout=2024-03-05&d1=2024-03-03&d2=2024-03-05&startDate=2024-03-03&endDate=2024-03-05&x_pwa=1&rfrr=HSR&pwa_ts=1709284268790&referrerUrl=aHR0cHM6Ly93d3cudnJiby5jb20vSG90ZWwtU2VhcmNo&useRewards=true&adults=2&destination=73+W+Monroe+St%2C+Chicago%2C+IL+60603%2C+USA&destType=ADDRESS&neighborhoodId=6059328&latLong=41.8804017%2C-87.63020379999999&privacyTrackingState=CAN_TRACK&searchId=d1342ebe-2e4c-4c8d-8838-a3967204a6f2&sort=RECOMMENDED&top_dp=149&top_cur=USD&userIntent=&selectedRoomType=78127193&selectedRatePlan=00041d24cacf605246c2b7663a497a271983&expediaPropertyId=78127193
88815647,1BR Vibrant Apt in Old Irving Park near Dining,$65,https://www.vrbo.com/3093837?chkin=2024-03-03&chkout=2024-03-05&d1=2024-03-03&d2=2024-03-05&startDate=2024-03-03&endDate=2024-03-05&x_pwa=1&rfrr=HSR&pwa_ts=1709284268789&referrerUrl=aHR0cHM6Ly93d3cudnJiby5jb20vSG90ZWwtU2VhcmNo&useRewards=true&adults=2&destination=73+W+Monroe+St%2C+Chicago%2C+IL+60603%2C+USA&destType=ADDRESS&neighborhoodId=6132221&latLong=41.8804017%2C-87.63020379999999&privacyTrackingState=CAN_TRACK&searchId=d1342ebe-2e4c-4c8d-8838-a3967204a6f2&sort=RECOMMENDED&top_dp=65&top_cur=USD&userIntent=&selectedRoomType=88815647&selectedRatePlan=000468e35d8a1a0e419dacfe7b433460693e&expediaPropertyId=88815647
88490423,Nice & Comfy Uptown Studio Apt near Shops & Dining,$65,https://www.vrbo.com/3079438?chkin=2024-03-03&chkout=2024-03-05&d1=2024-03-03&d2=2024-03-05&startDate=2024-03-03&endDate=2024-03-05&x_pwa=1&rfrr=HSR&pwa_ts=1709284268790&referrerUrl=aHR0cHM6Ly93d3cudnJiby5jb20vSG90ZWwtU2VhcmNo&useRewards=true&adults=2&destination=73+W+Monroe+St%2C+Chicago%2C+IL+60603%2C+USA&destType=ADDRESS&neighborhoodId=6132444&latLong=41.8804017%2C-87.63020379999999&privacyTrackingState=CAN_TRACK&searchId=d1342ebe-2e4c-4c8d-8838-a3967204a6f2&sort=RECOMMENDED&top_dp=65&top_cur=USD&userIntent=&selectedRoomType=88490423&selectedRatePlan=00042fe83c4c424e4b9780b67743949aad1b&expediaPropertyId=88490423
93164491,"Explore Chicago! Free Breakfast, Fully-equipped Kitchen, Pet-friendly Property!",$103,https://www.vrbo.com/3373959?chkin=2024-03-03&chkout=2024-03-05&d1=2024-03-03&d2=2024-03-05&startDate=2024-03-03&endDate=2024-03-05&x_pwa=1&rfrr=HSR&pwa_ts=1709284268790&referrerUrl=aHR0cHM6Ly93d3cudnJiby5jb20vSG90ZWwtU2VhcmNo&useRewards=true&adults=2&destination=73+W+Monroe+St%2C+Chicago%2C+IL+60603%2C+USA&destType=ADDRESS&neighborhoodId=6350699&latLong=41.8804017%2C-87.63020379999999&privacyTrackingState=CAN_TRACK&searchId=d1342ebe-2e4c-4c8d-8838-a3967204a6f2&sort=RECOMMENDED&top_dp=103&top_cur=USD&userIntent=&selectedRoomType=93164491&selectedRatePlan=0004a5ac9cecac464378952410887d5975fd&expediaPropertyId=93164491
92499053,Wrigleyville Inn - Unit 3,$162,https://www.vrbo.com/3334154?chkin=2024-03-03&chkout=2024-03-05&d1=2024-03-03&d2=2024-03-05&startDate=2024-03-03&endDate=2024-03-05&x_pwa=1&rfrr=HSR&pwa_ts=1709284268793&referrerUrl=aHR0cHM6Ly93d3cudnJiby5jb20vSG90ZWwtU2VhcmNo&useRewards=true&adults=2&destination=73+W+Monroe+St%2C+Chicago%2C+IL+60603%2C+USA&destType=ADDRESS&neighborhoodId=178166&latLong=41.8804017%2C-87.63020379999999&privacyTrackingState=CAN_TRACK&searchId=d1342ebe-2e4c-4c8d-8838-a3967204a6f2&sort=RECOMMENDED&top_dp=162&top_cur=USD&userIntent=&selectedRoomType=92499053&selectedRatePlan=00041eeab9fac63149a2a7cbfdf7795a7f40&expediaPropertyId=92499053
95293632,Cozy Lakeview Condo,$165,https://www.vrbo.com/3457807?chkin=2024-03-03&chkout=2024-03-05&d1=2024-03-03&d2=2024-03-05&startDate=2024-03-03&endDate=2024-03-05&x_pwa=1&rfrr=HSR&pwa_ts=1709284268795&referrerUrl=aHR0cHM6Ly93d3cudnJiby5jb20vSG90ZWwtU2VhcmNo&useRewards=true&adults=2&destination=73+W+Monroe+St%2C+Chicago%2C+IL+60603%2C+USA&destType=ADDRESS&neighborhoodId=178166&latLong=41.8804017%2C-87.63020379999999&privacyTrackingState=CAN_TRACK&searchId=d1342ebe-2e4c-4c8d-8838-a3967204a6f2&sort=RECOMMENDED&top_dp=165&top_cur=USD&userIntent=&selectedRoomType=95293632&selectedRatePlan=0004b7e4b092e138412ab46b5ec0a5d427d2&expediaPropertyId=95293632
64579379,1BR Magnificent Apartment in Chicago,$65,https://www.vrbo.com/2208694?chkin=2024-03-03&chkout=2024-03-05&d1=2024-03-03&d2=2024-03-05&startDate=2024-03-03&endDate=2024-03-05&x_pwa=1&rfrr=HSR&pwa_ts=1709284268795&referrerUrl=aHR0cHM6Ly93d3cudnJiby5jb20vSG90ZWwtU2VhcmNo&useRewards=true&adults=2&destination=73+W+Monroe+St%2C+Chicago%2C+IL+60603%2C+USA&destType=ADDRESS&neighborhoodId=178166&latLong=41.8804017%2C-87.63020379999999&privacyTrackingState=CAN_TRACK&searchId=d1342ebe-2e4c-4c8d-8838-a3967204a6f2&sort=RECOMMENDED&top_dp=65&top_cur=USD&userIntent=&selectedRoomType=64579379&selectedRatePlan=0004cf43768036ab4ee2808c5a4e7a0b82a3&expediaPropertyId=64579379
87379695,The Lake House-2br/2bth - 50 steps from the beach! ,$135,https://www.vrbo.com/3020723?chkin=2024-03-03&chkout=2024-03-05&d1=2024-03-03&d2=2024-03-05&startDate=2024-03-03&endDate=2024-03-05&x_pwa=1&rfrr=HSR&pwa_ts=1709284268797&referrerUrl=aHR0cHM6Ly93d3cudnJiby5jb20vSG90ZWwtU2VhcmNo&useRewards=true&adults=2&destination=73+W+Monroe+St%2C+Chicago%2C+IL+60603%2C+USA&destType=ADDRESS&neighborhoodId=6132293&latLong=41.8804017%2C-87.63020379999999&privacyTrackingState=CAN_TRACK&searchId=d1342ebe-2e4c-4c8d-8838-a3967204a6f2&sort=RECOMMENDED&top_dp=135&top_cur=USD&userIntent=&selectedRoomType=87379695&selectedRatePlan=0004d082c79ea00146978bbbadf294ff9bd4&expediaPropertyId=87379695
97074579,Charming Chicago Retreat with Modern Comforts - Spa Bath,$111,https://www.vrbo.com/3589566?chkin=2024-03-03&chkout=2024-03-05&d1=2024-03-03&d2=2024-03-05&startDate=2024-03-03&endDate=2024-03-05&x_pwa=1&rfrr=HSR&pwa_ts=1709284268796&referrerUrl=aHR0cHM6Ly93d3cudnJiby5jb20vSG90ZWwtU2VhcmNo&useRewards=true&adults=2&destination=73+W+Monroe+St%2C+Chicago%2C+IL+60603%2C+USA&destType=ADDRESS&neighborhoodId=6132419&latLong=41.8804017%2C-87.63020379999999&privacyTrackingState=CAN_TRACK&searchId=d1342ebe-2e4c-4c8d-8838-a3967204a6f2&sort=RECOMMENDED&top_dp=111&top_cur=USD&userIntent=&selectedRoomType=97074579&selectedRatePlan=0004291724b8804d4debbcec26bf059d17f5&expediaPropertyId=97074579
65358170,"Belmont House, Classy & Chic/walk to Wrigley Field",$125,https://www.vrbo.com/2225949?chkin=2024-03-03&chkout=2024-03-05&d1=2024-03-03&d2=2024-03-05&startDate=2024-03-03&endDate=2024-03-05&x_pwa=1&rfrr=HSR&pwa_ts=1709284268797&referrerUrl=aHR0cHM6Ly93d3cudnJiby5jb20vSG90ZWwtU2VhcmNo&useRewards=true&adults=2&destination=73+W+Monroe+St%2C+Chicago%2C+IL+60603%2C+USA&destType=ADDRESS&neighborhoodId=178166&latLong=41.8804017%2C-87.63020379999999&privacyTrackingState=CAN_TRACK&searchId=d1342ebe-2e4c-4c8d-8838-a3967204a6f2&sort=RECOMMENDED&top_dp=125&top_cur=USD&userIntent=&selectedRoomType=65358170&selectedRatePlan=00046316beedd1e140b8bf5b5bc603a180ca&expediaPropertyId=65358170
53129620,Kasa | Family Friendly 2 BD + Pet Friendly | Chicago,$169,https://www.vrbo.com/1977818?chkin=2024-03-03&chkout=2024-03-05&d1=2024-03-03&d2=2024-03-05&startDate=2024-03-03&endDate=2024-03-05&x_pwa=1&rfrr=HSR&pwa_ts=1709284268797&referrerUrl=aHR0cHM6Ly93d3cudnJiby5jb20vSG90ZWwtU2VhcmNo&useRewards=true&adults=2&destination=73+W+Monroe+St%2C+Chicago%2C+IL+60603%2C+USA&destType=ADDRESS&neighborhoodId=6350699&latLong=41.8804017%2C-87.63020379999999&privacyTrackingState=CAN_TRACK&searchId=d1342ebe-2e4c-4c8d-8838-a3967204a6f2&sort=RECOMMENDED&top_dp=169&top_cur=USD&userIntent=&selectedRoomType=53129620&selectedRatePlan=000453809fd2a80e4e10a027f53757e610da&expediaPropertyId=53129620
22864683,"Walking distance to restaurants, shops and Lake Michigan,",$169,https://www.vrbo.com/265424?chkin=2024-03-03&chkout=2024-03-05&d1=2024-03-03&d2=2024-03-05&startDate=2024-03-03&endDate=2024-03-05&x_pwa=1&rfrr=HSR&pwa_ts=1709284268799&referrerUrl=aHR0cHM6Ly93d3cudnJiby5jb20vSG90ZWwtU2VhcmNo&useRewards=true&adults=2&destination=73+W+Monroe+St%2C+Chicago%2C+IL+60603%2C+USA&destType=ADDRESS&neighborhoodId=6132293&latLong=41.8804017%2C-87.63020379999999&privacyTrackingState=CAN_TRACK&searchId=d1342ebe-2e4c-4c8d-8838-a3967204a6f2&sort=RECOMMENDED&top_dp=169&top_cur=USD&userIntent=&selectedRoomType=22864683&selectedRatePlan=000423cc5832d37942fb83443e658403d020&expediaPropertyId=22864683
87801860,Exquisite Haven 1bd / 1bth Entire Apartment ,$105,https://www.vrbo.com/3039205?chkin=2024-03-03&chkout=2024-03-05&d1=2024-03-03&d2=2024-03-05&startDate=2024-03-03&endDate=2024-03-05&x_pwa=1&rfrr=HSR&pwa_ts=1709284268799&referrerUrl=aHR0cHM6Ly93d3cudnJiby5jb20vSG90ZWwtU2VhcmNo&useRewards=true&adults=2&destination=73+W+Monroe+St%2C+Chicago%2C+IL+60603%2C+USA&destType=ADDRESS&neighborhoodId=6132434&latLong=41.8804017%2C-87.63020379999999&privacyTrackingState=CAN_TRACK&searchId=d1342ebe-2e4c-4c8d-8838-a3967204a6f2&sort=RECOMMENDED&top_dp=105&top_cur=USD&userIntent=&selectedRoomType=87801860&selectedRatePlan=00048485821a90b34c6d80ec41cdd1c5f37d&expediaPropertyId=87801860
57271170,"Michigan Ave Downtown 2bd/2ba w VIEWS #25 | Grant Park, Museum Park, King Beds",$103,https://www.vrbo.com/2038049?chkin=2024-03-03&chkout=2024-03-05&d1=2024-03-03&d2=2024-03-05&startDate=2024-03-03&endDate=2024-03-05&x_pwa=1&rfrr=HSR&pwa_ts=1709284268802&referrerUrl=aHR0cHM6Ly93d3cudnJiby5jb20vSG90ZWwtU2VhcmNo&useRewards=true&adults=2&destination=73+W+Monroe+St%2C+Chicago%2C+IL+60603%2C+USA&destType=ADDRESS&neighborhoodId=6130108&latLong=41.8804017%2C-87.63020379999999&privacyTrackingState=CAN_TRACK&searchId=d1342ebe-2e4c-4c8d-8838-a3967204a6f2&sort=RECOMMENDED&top_dp=103&top_cur=USD&userIntent=&selectedRoomType=57271170&selectedRatePlan=0004cc6c003c5b614be285d2deeba4b8064f&expediaPropertyId=57271170
57155492,"Downtown Mich Ave, Grant Park VIEWS #10, Museums 2bd/2ba (+rooftop)",$107,https://www.vrbo.com/2032551?chkin=2024-03-03&chkout=2024-03-05&d1=2024-03-03&d2=2024-03-05&startDate=2024-03-03&endDate=2024-03-05&x_pwa=1&rfrr=HSR&pwa_ts=1709284268804&referrerUrl=aHR0cHM6Ly93d3cudnJiby5jb20vSG90ZWwtU2VhcmNo&useRewards=true&adults=2&destination=73+W+Monroe+St%2C+Chicago%2C+IL+60603%2C+USA&destType=ADDRESS&neighborhoodId=6130108&latLong=41.8804017%2C-87.63020379999999&privacyTrackingState=CAN_TRACK&searchId=d1342ebe-2e4c-4c8d-8838-a3967204a6f2&sort=RECOMMENDED&top_dp=107&top_cur=USD&userIntent=&selectedRoomType=57155492&selectedRatePlan=000411934a62fa9a423abbcbe497e7906b6e&expediaPropertyId=57155492
89674098,VintageLoversEscape|Homey|Stylish1BR|CloseToBeach,$72,https://www.vrbo.com/3139448?chkin=2024-03-03&chkout=2024-03-05&d1=2024-03-03&d2=2024-03-05&startDate=2024-03-03&endDate=2024-03-05&x_pwa=1&rfrr=HSR&pwa_ts=1709284268804&referrerUrl=aHR0cHM6Ly93d3cudnJiby5jb20vSG90ZWwtU2VhcmNo&useRewards=true&adults=2&destination=73+W+Monroe+St%2C+Chicago%2C+IL+60603%2C+USA&destType=ADDRESS&neighborhoodId=6132293&latLong=41.8804017%2C-87.63020379999999&privacyTrackingState=CAN_TRACK&searchId=d1342ebe-2e4c-4c8d-8838-a3967204a6f2&sort=RECOMMENDED&top_dp=72&top_cur=USD&userIntent=&selectedRoomType=89674098&selectedRatePlan=0004175ab45279074161b7bf1e008eb0d4e8&expediaPropertyId=89674098
93205358,Found Chicago powered by Sonder | Bunk Room,$73,https://www.vrbo.com/9821506ha?chkin=2024-03-03&chkout=2024-03-05&d1=2024-03-03&d2=2024-03-05&startDate=2024-03-03&endDate=2024-03-05&x_pwa=1&rfrr=HSR&pwa_ts=1709284268804&referrerUrl=aHR0cHM6Ly93d3cudnJiby5jb20vSG90ZWwtU2VhcmNo&useRewards=true&adults=2&destination=73+W+Monroe+St%2C+Chicago%2C+IL+60603%2C+USA&destType=ADDRESS&neighborhoodId=6350699&latLong=41.8804017%2C-87.63020379999999&privacyTrackingState=CAN_TRACK&searchId=d1342ebe-2e4c-4c8d-8838-a3967204a6f2&sort=RECOMMENDED&top_dp=73&top_cur=USD&userIntent=&selectedRoomType=93205358&selectedRatePlan=00003902632e50144ef38c52d6bfb6deed7f&expediaPropertyId=93205358
67375122,The Guild #1 | Gold Coast Mag Mile Downtown 2bd/2ba,$134,https://www.vrbo.com/2301024?chkin=2024-03-03&chkout=2024-03-05&d1=2024-03-03&d2=2024-03-05&startDate=2024-03-03&endDate=2024-03-05&x_pwa=1&rfrr=HSR&pwa_ts=1709284268805&referrerUrl=aHR0cHM6Ly93d3cudnJiby5jb20vSG90ZWwtU2VhcmNo&useRewards=true&adults=2&destination=73+W+Monroe+St%2C+Chicago%2C+IL+60603%2C+USA&destType=ADDRESS&neighborhoodId=6350699&latLong=41.8804017%2C-87.63020379999999&privacyTrackingState=CAN_TRACK&searchId=d1342ebe-2e4c-4c8d-8838-a3967204a6f2&sort=RECOMMENDED&top_dp=134&top_cur=USD&userIntent=&selectedRoomType=67375122&selectedRatePlan=0004a2abb1031098450195bf5d2b7491523e&expediaPropertyId=67375122
40595951,Walk to Wrigley Field/Monthly Discounts Available,$100,https://www.vrbo.com/1767523?chkin=2024-03-03&chkout=2024-03-05&d1=2024-03-03&d2=2024-03-05&startDate=2024-03-03&endDate=2024-03-05&x_pwa=1&rfrr=HSR&pwa_ts=1709284268805&referrerUrl=aHR0cHM6Ly93d3cudnJiby5jb20vSG90ZWwtU2VhcmNo&useRewards=true&adults=2&destination=73+W+Monroe+St%2C+Chicago%2C+IL+60603%2C+USA&destType=ADDRESS&neighborhoodId=178166&latLong=41.8804017%2C-87.63020379999999&privacyTrackingState=CAN_TRACK&searchId=d1342ebe-2e4c-4c8d-8838-a3967204a6f2&sort=RECOMMENDED&top_dp=100&top_cur=USD&userIntent=&selectedRoomType=40595951&selectedRatePlan=0004a497f2f756a04adaae6a91228322cb99&expediaPropertyId=40595951
41935159,"Logan Square 2 BR/1 BA-modern, near METRA",$90,https://www.vrbo.com/7886159ha?chkin=2024-03-03&chkout=2024-03-05&d1=2024-03-03&d2=2024-03-05&startDate=2024-03-03&endDate=2024-03-05&x_pwa=1&rfrr=HSR&pwa_ts=1709284268809&referrerUrl=aHR0cHM6Ly93d3cudnJiby5jb20vSG90ZWwtU2VhcmNo&useRewards=true&adults=2&destination=73+W+Monroe+St%2C+Chicago%2C+IL+60603%2C+USA&destType=ADDRESS&neighborhoodId=6132429&latLong=41.8804017%2C-87.63020379999999&privacyTrackingState=CAN_TRACK&searchId=d1342ebe-2e4c-4c8d-8838-a3967204a6f2&sort=RECOMMENDED&top_dp=90&top_cur=USD&userIntent=&selectedRoomType=41935159&selectedRatePlan=0000e9db09640b0f4b32b82420d1d285e409&expediaPropertyId=41935159
74521982,Stay in Style: Expansive 2BR Unit w/ Balcony,$67,https://www.vrbo.com/2618118?chkin=2024-03-03&chkout=2024-03-05&d1=2024-03-03&d2=2024-03-05&startDate=2024-03-03&endDate=2024-03-05&x_pwa=1&rfrr=HSR&pwa_ts=1709284268810&referrerUrl=aHR0cHM6Ly93d3cudnJiby5jb20vSG90ZWwtU2VhcmNo&useRewards=true&adults=2&destination=73+W+Monroe+St%2C+Chicago%2C+IL+60603%2C+USA&destType=ADDRESS&neighborhoodId=178166&latLong=41.8804017%2C-87.63020379999999&privacyTrackingState=CAN_TRACK&searchId=d1342ebe-2e4c-4c8d-8838-a3967204a6f2&sort=RECOMMENDED&top_dp=67&top_cur=USD&userIntent=&selectedRoomType=74521982&selectedRatePlan=0004ac35ef3dc6db4ad182db0b45cfe45360&expediaPropertyId=74521982
87684787,Brand new private 2 bedroom unit,$125,https://www.vrbo.com/3030466?chkin=2024-03-03&chkout=2024-03-05&d1=2024-03-03&d2=2024-03-05&startDate=2024-03-03&endDate=2024-03-05&x_pwa=1&rfrr=HSR&pwa_ts=1709284268812&referrerUrl=aHR0cHM6Ly93d3cudnJiby5jb20vSG90ZWwtU2VhcmNo&useRewards=true&adults=2&destination=73+W+Monroe+St%2C+Chicago%2C+IL+60603%2C+USA&destType=ADDRESS&neighborhoodId=6132238&latLong=41.8804017%2C-87.63020379999999&privacyTrackingState=CAN_TRACK&searchId=d1342ebe-2e4c-4c8d-8838-a3967204a6f2&sort=RECOMMENDED&top_dp=125&top_cur=USD&userIntent=&selectedRoomType=87684787&selectedRatePlan=00041e90c81ccdf44b2e916447ff4e714caf&expediaPropertyId=87684787
94977501,Luxéry Stay South Loop - McCormick/WinTrust Area,$175,https://www.vrbo.com/3436036?chkin=2024-03-03&chkout=2024-03-05&d1=2024-03-03&d2=2024-03-05&startDate=2024-03-03&endDate=2024-03-05&x_pwa=1&rfrr=HSR&pwa_ts=1709284268815&referrerUrl=aHR0cHM6Ly93d3cudnJiby5jb20vSG90ZWwtU2VhcmNo&useRewards=true&adults=2&destination=73+W+Monroe+St%2C+Chicago%2C+IL+60603%2C+USA&destType=ADDRESS&neighborhoodId=6130108&latLong=41.8804017%2C-87.63020379999999&privacyTrackingState=CAN_TRACK&searchId=d1342ebe-2e4c-4c8d-8838-a3967204a6f2&sort=RECOMMENDED&top_dp=175&top_cur=USD&userIntent=&selectedRoomType=94977501&selectedRatePlan=0004091af65b784b4a7099e4a3b9e9ad4bbc&expediaPropertyId=94977501
79703873,"Perfectly Located, Bright 2B/1BA Urban Oasis",$110,https://www.vrbo.com/2849039?chkin=2024-03-03&chkout=2024-03-05&d1=2024-03-03&d2=2024-03-05&startDate=2024-03-03&endDate=2024-03-05&x_pwa=1&rfrr=HSR&pwa_ts=1709284268815&referrerUrl=aHR0cHM6Ly93d3cudnJiby5jb20vSG90ZWwtU2VhcmNo&useRewards=true&adults=2&destination=73+W+Monroe+St%2C+Chicago%2C+IL+60603%2C+USA&destType=ADDRESS&neighborhoodId=6132419&latLong=41.8804017%2C-87.63020379999999&privacyTrackingState=CAN_TRACK&searchId=d1342ebe-2e4c-4c8d-8838-a3967204a6f2&sort=RECOMMENDED&top_dp=110&top_cur=USD&userIntent=&selectedRoomType=79703873&selectedRatePlan=0004eef680b36891413ca5848136cfe60928&expediaPropertyId=79703873
88181413,Cloud9 | BBQ&Game Room|Millennium Park| The Hudson,$293,https://www.vrbo.com/3057271?chkin=2024-03-03&chkout=2024-03-05&d1=2024-03-03&d2=2024-03-05&startDate=2024-03-03&endDate=2024-03-05&x_pwa=1&rfrr=HSR&pwa_ts=1709284268816&referrerUrl=aHR0cHM6Ly93d3cudnJiby5jb20vSG90ZWwtU2VhcmNo&useRewards=true&adults=2&destination=73+W+Monroe+St%2C+Chicago%2C+IL+60603%2C+USA&destType=ADDRESS&neighborhoodId=6350699&latLong=41.8804017%2C-87.63020379999999&privacyTrackingState=CAN_TRACK&searchId=d1342ebe-2e4c-4c8d-8838-a3967204a6f2&sort=RECOMMENDED&top_dp=293&top_cur=USD&userIntent=&selectedRoomType=88181413&selectedRatePlan=00040c6e9ee5032948d9882676c935feaf63&expediaPropertyId=88181413
64657929,1BR Getaway Apt Vintage Modern in Lincoln Square,$65,https://www.vrbo.com/2214422?chkin=2024-03-03&chkout=2024-03-05&d1=2024-03-03&d2=2024-03-05&startDate=2024-03-03&endDate=2024-03-05&x_pwa=1&rfrr=HSR&pwa_ts=1709284268817&referrerUrl=aHR0cHM6Ly93d3cudnJiby5jb20vSG90ZWwtU2VhcmNo&useRewards=true&adults=2&destination=73+W+Monroe+St%2C+Chicago%2C+IL+60603%2C+USA&destType=ADDRESS&neighborhoodId=6132194&latLong=41.8804017%2C-87.63020379999999&privacyTrackingState=CAN_TRACK&searchId=d1342ebe-2e4c-4c8d-8838-a3967204a6f2&sort=RECOMMENDED&top_dp=65&top_cur=USD&userIntent=&selectedRoomType=64657929&selectedRatePlan=0004e70f94978ae841c4be696acd9b2a2917&expediaPropertyId=64657929
89593754,Vintage/Modern Hideaway in Logan Square,$64,https://www.vrbo.com/3133473?chkin=2024-03-03&chkout=2024-03-05&d1=2024-03-03&d2=2024-03-05&startDate=2024-03-03&endDate=2024-03-05&x_pwa=1&rfrr=HSR&pwa_ts=1709284268818&referrerUrl=aHR0cHM6Ly93d3cudnJiby5jb20vSG90ZWwtU2VhcmNo&useRewards=true&adults=2&destination=73+W+Monroe+St%2C+Chicago%2C+IL+60603%2C+USA&destType=ADDRESS&neighborhoodId=6132429&latLong=41.8804017%2C-87.63020379999999&privacyTrackingState=CAN_TRACK&searchId=d1342ebe-2e4c-4c8d-8838-a3967204a6f2&sort=RECOMMENDED&top_dp=64&top_cur=USD&userIntent=&selectedRoomType=89593754&selectedRatePlan=0004777cd90671bb4cec9cab24b2a7ec66b9&expediaPropertyId=89593754
88374215,Lovely 2 bedroom apartment in Portage park,$127,https://www.vrbo.com/3071100?chkin=2024-03-03&chkout=2024-03-05&d1=2024-03-03&d2=2024-03-05&startDate=2024-03-03&endDate=2024-03-05&x_pwa=1&rfrr=HSR&pwa_ts=1709284268821&referrerUrl=aHR0cHM6Ly93d3cudnJiby5jb20vSG90ZWwtU2VhcmNo&useRewards=true&adults=2&destination=73+W+Monroe+St%2C+Chicago%2C+IL+60603%2C+USA&destType=ADDRESS&neighborhoodId=641769737079754752&latLong=41.8804017%2C-87.63020379999999&privacyTrackingState=CAN_TRACK&searchId=d1342ebe-2e4c-4c8d-8838-a3967204a6f2&sort=RECOMMENDED&top_dp=127&top_cur=USD&userIntent=&selectedRoomType=88374215&selectedRatePlan=000482ca5c02f389443a971fe2dfea40294b&expediaPropertyId=88374215
88902221,Lovely Condo Near Elkhart Park - Enjoy the Best of Noble Square and the West Village by RedAwning,$63,https://www.vrbo.com/9751642ha?chkin=2024-03-03&chkout=2024-03-05&d1=2024-03-03&d2=2024-03-05&startDate=2024-03-03&endDate=2024-03-05&x_pwa=1&rfrr=HSR&pwa_ts=1709284268823&referrerUrl=aHR0cHM6Ly93d3cudnJiby5jb20vSG90ZWwtU2VhcmNo&useRewards=true&adults=2&destination=73+W+Monroe+St%2C+Chicago%2C+IL+60603%2C+USA&destType=ADDRESS&neighborhoodId=6132439&latLong=41.8804017%2C-87.63020379999999&privacyTrackingState=CAN_TRACK&searchId=d1342ebe-2e4c-4c8d-8838-a3967204a6f2&sort=RECOMMENDED&top_dp=63&top_cur=USD&userIntent=&selectedRoomType=88902221&selectedRatePlan=000086730101cc1144718a75f6039ace2334&expediaPropertyId=88902221
71663147,Parking included and longer stays encouraged in Lincoln Park,$175,https://www.vrbo.com/2493948?chkin=2024-03-03&chkout=2024-03-05&d1=2024-03-03&d2=2024-03-05&startDate=2024-03-03&endDate=2024-03-05&x_pwa=1&rfrr=HSR&pwa_ts=1709284268825&referrerUrl=aHR0cHM6Ly93d3cudnJiby5jb20vSG90ZWwtU2VhcmNo&useRewards=true&adults=2&destination=73+W+Monroe+St%2C+Chicago%2C+IL+60603%2C+USA&destType=ADDRESS&neighborhoodId=6059328&latLong=41.8804017%2C-87.63020379999999&privacyTrackingState=CAN_TRACK&searchId=d1342ebe-2e4c-4c8d-8838-a3967204a6f2&sort=RECOMMENDED&top_dp=175&top_cur=USD&userIntent=&selectedRoomType=71663147&selectedRatePlan=0004e77ae40935bb462a983cb2aaa4164267&expediaPropertyId=71663147
93225421,Western Logan Square 1 bedroom by Healy Station,$85,https://www.vrbo.com/3377526?chkin=2024-03-03&chkout=2024-03-05&d1=2024-03-03&d2=2024-03-05&startDate=2024-03-03&endDate=2024-03-05&x_pwa=1&rfrr=HSR&pwa_ts=1709284268825&referrerUrl=aHR0cHM6Ly93d3cudnJiby5jb20vSG90ZWwtU2VhcmNo&useRewards=true&adults=2&destination=73+W+Monroe+St%2C+Chicago%2C+IL+60603%2C+USA&destType=ADDRESS&neighborhoodId=6132429&latLong=41.8804017%2C-87.63020379999999&privacyTrackingState=CAN_TRACK&searchId=d1342ebe-2e4c-4c8d-8838-a3967204a6f2&sort=RECOMMENDED&top_dp=85&top_cur=USD&userIntent=&selectedRoomType=93225421&selectedRatePlan=0004815be8ed673c4faf90620655da003c37&expediaPropertyId=93225421
88902283,Epic Lake Views Await You - You Will WANT to Wake up Early for the Sunrise by RedAwning,$101,https://www.vrbo.com/9751669ha?chkin=2024-03-03&chkout=2024-03-05&d1=2024-03-03&d2=2024-03-05&startDate=2024-03-03&endDate=2024-03-05&x_pwa=1&rfrr=HSR&pwa_ts=1709284268826&referrerUrl=aHR0cHM6Ly93d3cudnJiby5jb20vSG90ZWwtU2VhcmNo&useRewards=true&adults=2&destination=73+W+Monroe+St%2C+Chicago%2C+IL+60603%2C+USA&destType=ADDRESS&latLong=41.8804017%2C-87.63020379999999&privacyTrackingState=CAN_TRACK&searchId=d1342ebe-2e4c-4c8d-8838-a3967204a6f2&sort=RECOMMENDED&top_dp=101&top_cur=USD&userIntent=&selectedRoomType=88902283&selectedRatePlan=00001fafe3ed03024dfd851e5fe8dfa869be&expediaPropertyId=88902283
88246600,Modern Apartment with Private Rooftop Patio & Free Parking in Downtown Chicago,$218,https://www.vrbo.com/3061881?chkin=2024-03-03&chkout=2024-03-05&d1=2024-03-03&d2=2024-03-05&startDate=2024-03-03&endDate=2024-03-05&x_pwa=1&rfrr=HSR&pwa_ts=1709284268828&referrerUrl=aHR0cHM6Ly93d3cudnJiby5jb20vSG90ZWwtU2VhcmNo&useRewards=true&adults=2&destination=73+W+Monroe+St%2C+Chicago%2C+IL+60603%2C+USA&destType=ADDRESS&neighborhoodId=6350699&latLong=41.8804017%2C-87.63020379999999&privacyTrackingState=CAN_TRACK&searchId=d1342ebe-2e4c-4c8d-8838-a3967204a6f2&sort=RECOMMENDED&top_dp=218&top_cur=USD&userIntent=&selectedRoomType=88246600&selectedRatePlan=00041144fe0ed9ba433294f5d47ee5e27d97&expediaPropertyId=88246600
92998045,Twin Lions Lodge w/ Speakeasy Tiki Bar* and Outdoor Oasis,$175,https://www.vrbo.com/3361774?chkin=2024-03-03&chkout=2024-03-05&d1=2024-03-03&d2=2024-03-05&startDate=2024-03-03&endDate=2024-03-05&x_pwa=1&rfrr=HSR&pwa_ts=1709284268833&referrerUrl=aHR0cHM6Ly93d3cudnJiby5jb20vSG90ZWwtU2VhcmNo&useRewards=true&adults=2&destination=73+W+Monroe+St%2C+Chicago%2C+IL+60603%2C+USA&destType=ADDRESS&neighborhoodId=553248622905536905&latLong=41.8804017%2C-87.63020379999999&privacyTrackingState=CAN_TRACK&searchId=d1342ebe-2e4c-4c8d-8838-a3967204a6f2&sort=RECOMMENDED&top_dp=175&top_cur=USD&userIntent=&selectedRoomType=92998045&selectedRatePlan=0004846771a9614c49b085258624424512d7&expediaPropertyId=92998045
90047518,Corner 3BR in Streeterville | Views | Roof Deck,$188,https://www.vrbo.com/9770476ha?chkin=2024-03-03&chkout=2024-03-05&d1=2024-03-03&d2=2024-03-05&startDate=2024-03-03&endDate=2024-03-05&x_pwa=1&rfrr=HSR&pwa_ts=1709284268834&referrerUrl=aHR0cHM6Ly93d3cudnJiby5jb20vSG90ZWwtU2VhcmNo&useRewards=true&adults=2&destination=73+W+Monroe+St%2C+Chicago%2C+IL+60603%2C+USA&destType=ADDRESS&neighborhoodId=6350699&latLong=41.8804017%2C-87.63020379999999&privacyTrackingState=CAN_TRACK&searchId=d1342ebe-2e4c-4c8d-8838-a3967204a6f2&sort=RECOMMENDED&top_dp=188&top_cur=USD&userIntent=&selectedRoomType=90047518&selectedRatePlan=0000d1e127529e734a46b429980e413b30c5&expediaPropertyId=90047518
49092456,A quiet stay while you are away,$85,https://www.vrbo.com/1941218?chkin=2024-03-03&chkout=2024-03-05&d1=2024-03-03&d2=2024-03-05&startDate=2024-03-03&endDate=2024-03-05&x_pwa=1&rfrr=HSR&pwa_ts=1709284268835&referrerUrl=aHR0cHM6Ly93d3cudnJiby5jb20vSG90ZWwtU2VhcmNo&useRewards=true&adults=2&destination=73+W+Monroe+St%2C+Chicago%2C+IL+60603%2C+USA&destType=ADDRESS&latLong=41.8804017%2C-87.63020379999999&privacyTrackingState=CAN_TRACK&searchId=d1342ebe-2e4c-4c8d-8838-a3967204a6f2&sort=RECOMMENDED&top_dp=85&top_cur=USD&userIntent=&selectedRoomType=49092456&selectedRatePlan=0004ab81d259c85f46f9ab837d71903b56a9&expediaPropertyId=49092456
82945018,Luxéry Stay South Loop - McCormick/WinTrust Area,$154,https://www.vrbo.com/2890969?chkin=2024-03-03&chkout=2024-03-05&d1=2024-03-03&d2=2024-03-05&startDate=2024-03-03&endDate=2024-03-05&x_pwa=1&rfrr=HSR&pwa_ts=1709284268836&referrerUrl=aHR0cHM6Ly93d3cudnJiby5jb20vSG90ZWwtU2VhcmNo&useRewards=true&adults=2&destination=73+W+Monroe+St%2C+Chicago%2C+IL+60603%2C+USA&destType=ADDRESS&neighborhoodId=6130108&latLong=41.8804017%2C-87.63020379999999&privacyTrackingState=CAN_TRACK&searchId=d1342ebe-2e4c-4c8d-8838-a3967204a6f2&sort=RECOMMENDED&top_dp=154&top_cur=USD&userIntent=&selectedRoomType=82945018&selectedRatePlan=000468c6df10433e429abcf3ce955a61618b&expediaPropertyId=82945018
88787039,Cloud9|Corner apt w/SkyLounge+BBQ+Gym|The Chevelle,$312,https://www.vrbo.com/3093064?chkin=2024-03-03&chkout=2024-03-05&d1=2024-03-03&d2=2024-03-05&startDate=2024-03-03&endDate=2024-03-05&x_pwa=1&rfrr=HSR&pwa_ts=1709284268840&referrerUrl=aHR0cHM6Ly93d3cudnJiby5jb20vSG90ZWwtU2VhcmNo&useRewards=true&adults=2&destination=73+W+Monroe+St%2C+Chicago%2C+IL+60603%2C+USA&destType=ADDRESS&neighborhoodId=6350699&latLong=41.8804017%2C-87.63020379999999&privacyTrackingState=CAN_TRACK&searchId=d1342ebe-2e4c-4c8d-8838-a3967204a6f2&sort=RECOMMENDED&top_dp=312&top_cur=USD&userIntent=&selectedRoomType=88787039&selectedRatePlan=00047c60823a281c42109b4c8117c43671aa&expediaPropertyId=88787039
91575945,Lovely 2BR Rogers Park Home with Equipped Kitchen,$67,https://www.vrbo.com/3270088?chkin=2024-03-03&chkout=2024-03-05&d1=2024-03-03&d2=2024-03-05&startDate=2024-03-03&endDate=2024-03-05&x_pwa=1&rfrr=HSR&pwa_ts=1709284268842&referrerUrl=aHR0cHM6Ly93d3cudnJiby5jb20vSG90ZWwtU2VhcmNo&useRewards=true&adults=2&destination=73+W+Monroe+St%2C+Chicago%2C+IL+60603%2C+USA&destType=ADDRESS&neighborhoodId=6132293&latLong=41.8804017%2C-87.63020379999999&privacyTrackingState=CAN_TRACK&searchId=d1342ebe-2e4c-4c8d-8838-a3967204a6f2&sort=RECOMMENDED&top_dp=67&top_cur=USD&userIntent=&selectedRoomType=91575945&selectedRatePlan=0004304cc0c307c84055b1257b638df7efe6&expediaPropertyId=91575945
70892797,5 min walk to the Lincoln Park Zoo!!,$98,https://www.vrbo.com/2449258?chkin=2024-03-03&chkout=2024-03-05&d1=2024-03-03&d2=2024-03-05&startDate=2024-03-03&endDate=2024-03-05&x_pwa=1&rfrr=HSR&pwa_ts=1709284268846&referrerUrl=aHR0cHM6Ly93d3cudnJiby5jb20vSG90ZWwtU2VhcmNo&useRewards=true&adults=2&destination=73+W+Monroe+St%2C+Chicago%2C+IL+60603%2C+USA&destType=ADDRESS&neighborhoodId=6059328&latLong=41.8804017%2C-87.63020379999999&privacyTrackingState=CAN_TRACK&searchId=d1342ebe-2e4c-4c8d-8838-a3967204a6f2&sort=RECOMMENDED&top_dp=98&top_cur=USD&userIntent=&selectedRoomType=70892797&selectedRatePlan=00047c877cdec65548d89d2d901a97d06c0a&expediaPropertyId=70892797
67375028,"The Guild #3 | Mag Mile, Gold Coast, Downtown  1bd/1ba",$88,https://www.vrbo.com/2300996?chkin=2024-03-03&chkout=2024-03-05&d1=2024-03-03&d2=2024-03-05&startDate=2024-03-03&endDate=2024-03-05&x_pwa=1&rfrr=HSR&pwa_ts=1709284268848&referrerUrl=aHR0cHM6Ly93d3cudnJiby5jb20vSG90ZWwtU2VhcmNo&useRewards=true&adults=2&destination=73+W+Monroe+St%2C+Chicago%2C+IL+60603%2C+USA&destType=ADDRESS&neighborhoodId=6350699&latLong=41.8804017%2C-87.63020379999999&privacyTrackingState=CAN_TRACK&searchId=d1342ebe-2e4c-4c8d-8838-a3967204a6f2&sort=RECOMMENDED&top_dp=88&top_cur=USD&userIntent=&selectedRoomType=67375028&selectedRatePlan=0004cf1de581b4554e0694742343cb478f8b&expediaPropertyId=67375028
66491991,Family Delight: Enchanting 2BR Retreat,$67,https://www.vrbo.com/2267951?chkin=2024-03-03&chkout=2024-03-05&d1=2024-03-03&d2=2024-03-05&startDate=2024-03-03&endDate=2024-03-05&x_pwa=1&rfrr=HSR&pwa_ts=1709284268847&referrerUrl=aHR0cHM6Ly93d3cudnJiby5jb20vSG90ZWwtU2VhcmNo&useRewards=true&adults=2&destination=73+W+Monroe+St%2C+Chicago%2C+IL+60603%2C+USA&destType=ADDRESS&neighborhoodId=178166&latLong=41.8804017%2C-87.63020379999999&privacyTrackingState=CAN_TRACK&searchId=d1342ebe-2e4c-4c8d-8838-a3967204a6f2&sort=RECOMMENDED&top_dp=67&top_cur=USD&userIntent=&selectedRoomType=66491991&selectedRatePlan=0004017d63b79a6f45a0802e43cd2fe57a44&expediaPropertyId=66491991
90021541,Cozy Uptown Studio with In-unit laundry & Wi-Fi!,$65,https://www.vrbo.com/3163749?chkin=2024-03-03&chkout=2024-03-05&d1=2024-03-03&d2=2024-03-05&startDate=2024-03-03&endDate=2024-03-05&x_pwa=1&rfrr=HSR&pwa_ts=1709284268849&referrerUrl=aHR0cHM6Ly93d3cudnJiby5jb20vSG90ZWwtU2VhcmNo&useRewards=true&adults=2&destination=73+W+Monroe+St%2C+Chicago%2C+IL+60603%2C+USA&destType=ADDRESS&neighborhoodId=6132444&latLong=41.8804017%2C-87.63020379999999&privacyTrackingState=CAN_TRACK&searchId=d1342ebe-2e4c-4c8d-8838-a3967204a6f2&sort=RECOMMENDED&top_dp=65&top_cur=USD&userIntent=&selectedRoomType=90021541&selectedRatePlan=0004cc840471e2b14d57be0f9fc4b5c2802c&expediaPropertyId=90021541
88902487,"Prime Location - Close to Public Transit, Little Italy, the Medical District and UIC by RedAwning",$81,https://www.vrbo.com/9751744ha?chkin=2024-03-03&chkout=2024-03-05&d1=2024-03-03&d2=2024-03-05&startDate=2024-03-03&endDate=2024-03-05&x_pwa=1&rfrr=HSR&pwa_ts=1709284268854&referrerUrl=aHR0cHM6Ly93d3cudnJiby5jb20vSG90ZWwtU2VhcmNo&useRewards=true&adults=2&destination=73+W+Monroe+St%2C+Chicago%2C+IL+60603%2C+USA&destType=ADDRESS&neighborhoodId=6132434&latLong=41.8804017%2C-87.63020379999999&privacyTrackingState=CAN_TRACK&searchId=d1342ebe-2e4c-4c8d-8838-a3967204a6f2&sort=RECOMMENDED&top_dp=81&top_cur=USD&userIntent=&selectedRoomType=88902487&selectedRatePlan=00003e8a6e5c209446cbbded108b613ca1c5&expediaPropertyId=88902487
88902446,"Have It all! Convenient Yet Calm, Low Key and Lively by RedAwning",$81,https://www.vrbo.com/9751734ha?chkin=2024-03-03&chkout=2024-03-05&d1=2024-03-03&d2=2024-03-05&startDate=2024-03-03&endDate=2024-03-05&x_pwa=1&rfrr=HSR&pwa_ts=1709284268855&referrerUrl=aHR0cHM6Ly93d3cudnJiby5jb20vSG90ZWwtU2VhcmNo&useRewards=true&adults=2&destination=73+W+Monroe+St%2C+Chicago%2C+IL+60603%2C+USA&destType=ADDRESS&neighborhoodId=6132439&latLong=41.8804017%2C-87.63020379999999&privacyTrackingState=CAN_TRACK&searchId=d1342ebe-2e4c-4c8d-8838-a3967204a6f2&sort=RECOMMENDED&top_dp=81&top_cur=USD&userIntent=&selectedRoomType=88902446&selectedRatePlan=0000cbffe1c4919e4e23af71790afc6d3a6f&expediaPropertyId=88902446
91698092,Sonder Market Hall | Studio Apartment w/ City View,$109,https://www.vrbo.com/9796944ha?chkin=2024-03-03&chkout=2024-03-05&d1=2024-03-03&d2=2024-03-05&startDate=2024-03-03&endDate=2024-03-05&x_pwa=1&rfrr=HSR&pwa_ts=1709284268862&referrerUrl=aHR0cHM6Ly93d3cudnJiby5jb20vSG90ZWwtU2VhcmNo&useRewards=true&adults=2&destination=73+W+Monroe+St%2C+Chicago%2C+IL+60603%2C+USA&destType=ADDRESS&neighborhoodId=6350699&latLong=41.8804017%2C-87.63020379999999&privacyTrackingState=CAN_TRACK&searchId=d1342ebe-2e4c-4c8d-8838-a3967204a6f2&sort=RECOMMENDED&top_dp=109&top_cur=USD&userIntent=&selectedRoomType=91698092&selectedRatePlan=0000b377f79e8b0749089fa03542ac73e6e3&expediaPropertyId=91698092
54735557,1220 #1 - Central Chicago Suite (#1): w/ Roofpatio,$49,https://www.vrbo.com/2003424?chkin=2024-03-03&chkout=2024-03-05&d1=2024-03-03&d2=2024-03-05&startDate=2024-03-03&endDate=2024-03-05&x_pwa=1&rfrr=HSR&pwa_ts=1709284268862&referrerUrl=aHR0cHM6Ly93d3cudnJiby5jb20vSG90ZWwtU2VhcmNo&useRewards=true&adults=2&destination=73+W+Monroe+St%2C+Chicago%2C+IL+60603%2C+USA&destType=ADDRESS&neighborhoodId=6132439&latLong=41.8804017%2C-87.63020379999999&privacyTrackingState=CAN_TRACK&searchId=d1342ebe-2e4c-4c8d-8838-a3967204a6f2&sort=RECOMMENDED&top_dp=49&top_cur=USD&userIntent=&selectedRoomType=54735557&selectedRatePlan=0004f9949be89e7e4178823a9c178afebd47&expediaPropertyId=54735557
33694924,"Chicago’s Dickens Place flat. Beautiful 2bed trendy, In the heart of Chicago ",$162,https://www.vrbo.com/4454571ha?chkin=2024-03-03&chkout=2024-03-05&d1=2024-03-03&d2=2024-03-05&startDate=2024-03-03&endDate=2024-03-05&x_pwa=1&rfrr=HSR&pwa_ts=1709284268865&referrerUrl=aHR0cHM6Ly93d3cudnJiby5jb20vSG90ZWwtU2VhcmNo&useRewards=true&adults=2&destination=73+W+Monroe+St%2C+Chicago%2C+IL+60603%2C+USA&destType=ADDRESS&latLong=41.8804017%2C-87.63020379999999&privacyTrackingState=CAN_TRACK&searchId=d1342ebe-2e4c-4c8d-8838-a3967204a6f2&sort=RECOMMENDED&top_dp=162&top_cur=USD&userIntent=&selectedRoomType=33694924&selectedRatePlan=0000815c67f32c564e5e95917a4437028b21&expediaPropertyId=33694924
75985397,Stunning Corner 2BR in the Loop | City & Lake Views,$169,https://www.vrbo.com/9664861ha?chkin=2024-03-03&chkout=2024-03-05&d1=2024-03-03&d2=2024-03-05&startDate=2024-03-03&endDate=2024-03-05&x_pwa=1&rfrr=HSR&pwa_ts=1709284268790&referrerUrl=aHR0cHM6Ly93d3cudnJiby5jb20vSG90ZWwtU2VhcmNo&useRewards=true&adults=2&destination=73+W+Monroe+St%2C+Chicago%2C+IL+60603%2C+USA&destType=ADDRESS&neighborhoodId=6350699&latLong=41.8804017%2C-87.63020379999999&privacyTrackingState=CAN_TRACK&searchId=d1342ebe-2e4c-4c8d-8838-a3967204a6f2&sort=RECOMMENDED&top_dp=169&top_cur=USD&userIntent=&selectedRoomType=75985397&selectedRatePlan=0000dfe169535066404fa93e16899faac064&expediaPropertyId=75985397
